horizontal,vertical,movie_id
https://wallpapercave.com/wp/wp4566625.jpg,https://wallpapercave.com/wp/wp8111763.jpg,1
https://th.bing.com/th/id/OIP.NlnBf5kY-XIslELFSSTZAQHaEK?rs=1&pid=ImgDetMain,https://th.bing.com/th/id/OIP.27qZJLSoIulU-7LMsHe1_QAAAA?rs=1&pid=ImgDetMain,1
https://wallpaperaccess.com/full/1349247.jpg,https://wallpaperaccess.com/full/2646421.jpg,2
https://wallpapercave.com/wp/wp4566625.jpg,https://wallpaperaccess.com/full/1349218.jpg,3
https://th.bing.com/th/id/OIP.Je7fCvEAwarT5PzMXU3AZgHaEK?rs=1&pid=ImgDetMain,https://th.bing.com/th/id/OIP.N64nV2PGkVV7ctKCKRzYlwHaNK?rs=1&pid=ImgDetMain,4
https://wallpaperaccess.com/full/1349247.jpg,https://wallup.net/wp-content/uploads/2018/03/19/579863-vertical-portrait_display.jpg,4
https://th.bing.com/th/id/OIP.NlnBf5kY-XIslELFSSTZAQHaEK?rs=1&pid=ImgDetMain,https://wallpapercave.com/wp/wp8111763.jpg,5
https://wallpapercave.com/wp/wp4566625.jpg,https://wallpaperaccess.com/full/2646421.jpg,6
https://th.bing.com/th/id/OIP.Je7fCvEAwarT5PzMXU3AZgHaEK?rs=1&pid=ImgDetMain,https://th.bing.com/th/id/OIP.27qZJLSoIulU-7LMsHe1_QAAAA?rs=1&pid=ImgDetMain,7
https://wallpaperaccess.com/full/1349247.jpg,https://wallpaperaccess.com/full/1349218.jpg,7
https://th.bing.com/th/id/OIP.NlnBf5kY-XIslELFSSTZAQHaEK?rs=1&pid=ImgDetMain,https://wallup.net/wp-content/uploads/2018/03/19/579863-vertical-portrait_display.jpg,8